model,approach,r2_mean,r2_std,rmse_mean,rmse_std,hyperparams
LassoCV,Approach_A_TwoStage,0.015271236046406945,0.0013781630304136707,0.0017075551015738664,3.722895659942541e-05,"alpha=0.000001, nonzero=96"
RandomForest,Approach_A_TwoStage,0.0455624516482027,0.0030097091827916743,0.001681091176828096,3.682170798294674e-05,"n_estimators=100, max_depth=12, min_samples_leaf=50"
XGBoost,Approach_A_TwoStage,-0.011491475070449963,0.03254351058807572,0.0017307342666896676,4.944221335837303e-05,"n_estimators=200, max_depth=6, lr=0.05"
LassoCV,Approach_B_Direct,0.05068027064234282,0.001400021813052482,0.003502116958397168,3.7826314343823324e-05,"alpha=0.000009, nonzero=92"
RandomForest,Approach_B_Direct,0.17958234905071024,0.003266274490989575,0.0032556824143201864,3.5711613416811294e-05,"n_estimators=100, max_depth=12, min_samples_leaf=50"
XGBoost,Approach_B_Direct,0.22455386519349357,0.004560741890549227,0.0031653634567663656,4.23505210762725e-05,"n_estimators=200, max_depth=6, lr=0.05"
