model,variable,coefficient,std_error,t_stat,p_value,r_squared,n_obs
full,emp_trend_z,0.0004070566213391023,0.0010543665251180835,0.386067474300281,0.6994466977263563,0.0026506166333406522,524
full,portability_z,9.218821653445187e-05,0.0003786971448574853,0.24343520352957762,0.8076682753966452,0.0026506166333406522,524
portability_only,portability_z,8.315053402867777e-05,0.00038028883596331436,0.21865099935960022,0.8269219221407194,0.00010622307394891894,524
trend_only,emp_trend_z,0.0004050098106790246,0.0010541392297772302,0.3842090297356781,0.7008235262327063,0.002520112139386188,524
