model,variable,coefficient,std_error,t_stat,p_value,r_squared,n_obs
full,emp_trend_z,0.00040322595242131597,0.001053742389590652,0.3826608442486189,0.7019712503790554,0.0032244642746018792,524
full,portability_z,-0.0002141241241491893,0.00020143190411828007,-1.0630099789130545,0.28777742599590805,0.0032244642746018792,524
portability_only,portability_z,-0.0002174833810652781,0.000200905425317013,-1.0825162173799259,0.2790232132457836,0.0007266761919925147,524
trend_only,emp_trend_z,0.0004050098106790259,0.0010541392297772302,0.3842090297356793,0.7008235262327054,0.002520112139386188,524
